id,battery,location.x,location.y,state,distanceToNearestCharger,requestTime,acceptedTime
Drone_15,0.7366805210679843,5,62,2,40,0,0
Drone_6,0.7897404546455046,95,1,2,34,0,0
Drone_11,0.8018603498281816,85,84,2,40,0,0
Drone_4,0.8165987364971659,17,8,2,29,0,0
Drone_12,0.9146714428621616,95,10,2,31,0,0
Drone_7,0.7963852004590553,22,84,2,24,2,2
Drone_14,0.7563768103355647,24,20,2,15,10,10
Drone_1,0.6059576159198543,29,12,2,21,14,14
Drone_10,0.7083127420384216,27,76,2,18,22,22
Drone_8,0.5446777516870069,36,14,2,19,27,31
Drone_13,0.49871571927008873,85,38,2,27,32,34
Drone_2,0.39225574313614875,38,61,2,17,36,36
Drone_5,0.43296740439690795,27,15,2,18,39,39
Drone_3,0.3883988316116742,30,73,2,15,50,50
Drone_4,0.8099999999999998,29,14,2,19,51,51
Drone_12,0.8299999999999998,82,36,2,24,53,53
Drone_14,0.7949999999999998,27,14,2,19,55,55
Drone_9,0.48277138047103385,83,40,2,27,56,56
Drone_7,0.8249999999999998,21,64,2,27,59,59
Drone_6,0.7349999999999998,85,39,2,28,66,66
Drone_10,0.7299999999999998,24,77,2,21,67,67
Drone_11,0.6999999999999997,84,41,2,29,70,70
Drone_12,0.8299999999999998,82,35,2,23,83,83
Drone_1,0.5349999999999996,41,21,2,14,92,92
Drone_15,0.5599999999999996,30,76,1,15,93,93
Drone_8,0.5799999999999996,21,14,2,22,98,98
Drone_14,0.7899999999999998,39,14,2,19,104,104
Drone_6,0.7549999999999998,88,38,2,29,105,105
Drone_4,0.7549999999999998,31,17,2,16,109,109
Drone_13,0.49999999999999956,83,39,2,26,116,116
Drone_11,0.7099999999999997,85,42,2,30,119,119
Drone_12,0.8299999999999998,82,36,2,24,122,122
Drone_7,0.6499999999999997,35,74,2,10,125,125
Drone_10,0.6999999999999997,33,64,2,17,130,130
Drone_2,0.3249999999999994,35,72,2,11,139,139
Drone_9,0.49499999999999955,85,39,2,28,149,149
Drone_6,0.7449999999999998,82,42,2,28,149,149
Drone_4,0.7599999999999998,40,20,2,14,151,151
Drone_3,0.38499999999999945,30,73,2,15,153,153
Drone_1,0.6149999999999997,32,11,2,22,154,154
Drone_14,0.7249999999999998,31,21,2,12,154,156
Drone_15,0.5699999999999996,29,69,2,17,157,162
Drone_12,0.8699999999999999,58,51,2,29,176,176
Drone_8,0.5499999999999996,27,14,1,19,181,181
Drone_13,0.5349999999999996,86,39,2,29,190,190
Drone_10,0.6799999999999997,30,67,2,18,190,190
Drone_4,0.7799999999999998,38,17,2,16,190,190
Drone_11,0.5799999999999996,75,33,2,17,192,192
Drone_7,0.7049999999999997,30,68,2,17,193,193
Drone_6,0.7249999999999998,86,36,2,27,194,205
Drone_9,0.4549999999999995,84,36,2,25,225,225
Drone_12,0.8299999999999998,80,36,2,22,226,226
Drone_15,0.6249999999999997,27,61,2,24,228,228
Drone_2,0.4099999999999995,27,70,2,19,229,229
Drone_4,0.7699999999999998,30,17,2,16,230,230
Drone_3,0.38999999999999946,33,67,2,15,245,245
Drone_8,0.6049999999999996,21,11,2,25,248,248
Drone_7,0.6749999999999997,33,74,2,12,252,252
Drone_10,0.6749999999999997,33,66,2,16,253,253
Drone_14,0.7399999999999998,45,25,2,14,253,253
Drone_1,0.5899999999999996,34,13,2,20,254,254
Drone_12,0.8299999999999998,80,36,2,22,260,260
Drone_13,0.5249999999999996,87,39,2,29,262,262
Drone_4,0.8049999999999998,45,17,2,20,274,274
Drone_11,0.5799999999999996,75,33,2,17,276,276
Drone_6,0.6099999999999997,72,33,2,15,279,279
Drone_7,0.7899999999999998,21,75,2,24,290,290
Drone_14,0.7899999999999998,36,15,2,18,292,292
Drone_12,0.8299999999999998,82,36,2,24,295,295
Drone_9,0.5249999999999996,88,42,2,32,296,296
Drone_15,0.5349999999999996,32,69,2,15,301,301
Drone_10,0.7349999999999998,29,62,2,21,302,302
Drone_2,0.49999999999999956,24,61,1,26,309,309
Drone_1,0.5349999999999996,24,20,2,15,320,320
Drone_8,0.5699999999999996,36,12,2,21,322,322
Drone_3,0.4099999999999995,33,64,2,17,326,326
Drone_4,0.7449999999999998,26,20,2,14,326,326
Drone_13,0.5149999999999996,82,42,2,28,334,334
Drone_7,0.8149999999999998,21,67,2,26,340,340
Drone_6,0.7199999999999998,87,36,2,27,344,344
Drone_12,0.7799999999999998,55,33,2,17,347,347
Drone_14,0.7449999999999998,27,20,2,14,352,352
Drone_10,0.6599999999999997,33,70,2,13,359,359
Drone_11,0.5799999999999996,75,33,2,17,360,360
Drone_4,0.8249999999999998,21,14,2,22,363,363
Drone_15,0.5299999999999996,34,69,2,13,377,377
Drone_9,0.46999999999999953,86,38,2,28,383,383
Drone_1,0.5449999999999996,24,18,2,17,390,390
Drone_14,0.7999999999999998,33,14,2,19,393,393
Drone_7,0.7249999999999998,29,71,2,17,399,399
Drone_13,0.5199999999999996,85,39,2,28,405,405
Drone_8,0.5499999999999996,39,14,2,19,409,409
Drone_2,0.39499999999999946,29,73,2,16,412,412
Drone_3,0.4449999999999995,31,61,2,21,413,413
Drone_11,0.7199999999999998,88,42,2,32,415,415
Drone_6,0.6099999999999997,72,33,2,15,417,417
Drone_10,0.7099999999999997,25,78,2,20,425,425
Drone_4,0.8099999999999998,38,14,2,19,433,433
Drone_12,0.7799999999999998,55,33,2,17,437,437
Drone_14,0.7949999999999998,40,14,2,20,441,441
Drone_15,0.5949999999999996,33,61,2,20,446,446
Drone_9,0.5249999999999996,87,41,2,31,456,456
Drone_1,0.5899999999999996,44,16,2,20,461,461
Drone_7,0.7149999999999997,27,76,2,18,462,462
Drone_11,0.6649999999999997,82,39,2,26,467,467
Drone_10,0.8099999999999998,21,59,2,28,474,474
Drone_13,0.5349999999999996,85,41,2,29,475,475
Drone_4,0.8049999999999998,27,12,2,21,480,480
Drone_8,0.5449999999999996,33,14,2,19,488,488
Drone_14,0.7949999999999998,27,14,2,19,491,491
Drone_6,0.6199999999999997,71,36,2,18,500,500
Drone_12,0.8199999999999998,83,33,2,22,500,500
Drone_3,0.4599999999999995,27,64,2,22,502,502
Drone_15,0.6099999999999997,24,74,2,21,508,508
Drone_2,0.4149999999999995,26,69,2,20,509,509
Drone_7,0.7649999999999998,28,63,2,22,515,515
Drone_1,0.5099999999999996,28,23,2,11,531,531
Drone_4,0.7599999999999998,27,20,2,14,534,534
Drone_9,0.4549999999999995,84,36,2,25,535,535
Drone_12,0.8299999999999998,81,36,2,23,538,538
Drone_11,0.5799999999999996,75,33,2,17,539,539
Drone_10,0.6399999999999997,33,76,2,12,545,545
Drone_13,0.5249999999999996,82,42,1,28,546,546
Drone_6,0.7349999999999998,87,38,2,29,557,557
Drone_14,0.8299999999999998,31,11,2,22,561,561
Drone_8,0.5799999999999996,36,11,2,22,562,562
Drone_4,0.8199999999999998,24,12,2,22,570,570
Drone_15,0.6099999999999997,26,69,2,20,571,571
Drone_7,0.8099999999999998,21,59,2,28,571,571
Drone_12,0.8299999999999998,82,36,2,24,577,577
Drone_3,0.48999999999999955,22,64,2,26,581,581
Drone_1,0.5849999999999996,35,14,2,19,598,598
Drone_6,0.7249999999999998,86,38,2,28,604,604
Drone_2,0.39999999999999947,33,65,2,16,607,607
Drone_10,0.7049999999999997,27,73,2,18,608,608
Drone_12,0.8199999999999998,79,37,2,22,608,608
Drone_9,0.47999999999999954,85,39,2,28,612,612
Drone_13,0.5249999999999996,88,36,2,28,614,614
Drone_14,0.7549999999999998,34,17,2,16,616,616
Drone_11,0.6899999999999997,81,42,2,28,618,618
Drone_4,0.7649999999999998,43,19,2,17,624,624
Drone_8,0.5599999999999996,24,15,2,20,627,627
Drone_12,0.8299999999999998,80,36,2,22,646,646
Drone_6,0.7699999999999998,88,42,2,32,647,647
Drone_15,0.5899999999999996,27,79,2,18,648,648
Drone_7,0.7099999999999997,25,48,2,17,651,651
Drone_14,0.8099999999999998,43,14,2,21,651,651
Drone_1,0.5699999999999996,41,18,2,17,660,660
Drone_10,0.6949999999999997,30,67,2,18,664,664
Drone_3,0.4349999999999995,32,61,2,20,673,673
Drone_4,0.7599999999999998,22,21,2,16,676,676
Drone_12,0.8299999999999998,82,36,2,24,680,680
Drone_11,0.6599999999999997,84,36,2,25,691,691
Drone_14,0.7999999999999998,39,14,2,19,692,692
Drone_2,0.39499999999999946,29,79,2,16,693,693
Drone_9,0.48999999999999955,84,40,2,28,695,695
Drone_13,0.47999999999999954,85,36,2,26,700,700
Drone_15,0.6299999999999997,23,71,2,22,703,703
Drone_4,0.8449999999999999,41,11,2,23,710,710
Drone_10,0.7199999999999998,27,67,2,20,714,714
Drone_6,0.6199999999999997,71,36,2,18,718,718
Drone_12,0.8199999999999998,79,37,2,22,720,720
Drone_8,0.5699999999999996,39,11,2,22,721,721
Drone_7,0.6849999999999997,33,70,2,13,727,727
Drone_1,0.5349999999999996,39,20,2,14,730,730
Drone_11,0.7099999999999997,88,39,1,30,741,741
Drone_14,0.7099999999999997,36,23,1,10,746,746
Drone_4,0.7599999999999998,42,21,2,15,758,758
Drone_12,0.8199999999999998,83,33,2,22,759,759
Drone_3,0.46999999999999953,22,79,2,23,767,767
Drone_9,0.5149999999999996,85,42,1,30,771,771
Drone_6,0.7649999999999998,88,39,1,30,772,772
Drone_7,0.7899999999999998,21,69,2,25,773,773
Drone_15,0.6199999999999997,27,62,2,23,775,775
Drone_14,0.7899999999999998,30,15,2,18,778,778
Drone_13,0.5049999999999996,82,39,1,26,782,782
Drone_10,0.6499999999999997,34,70,2,13,784,784
Drone_2,0.3249999999999994,37,72,2,9,787,787
Drone_11,0.6899999999999997,85,39,1,28,791,791
Drone_1,0.5799999999999996,36,15,2,18,795,795
Drone_4,0.7799999999999998,32,17,2,16,797,797
Drone_12,0.8299999999999998,82,35,2,23,797,797
Drone_8,0.5199999999999996,36,17,2,16,798,803
Drone_6,0.7649999999999998,88,39,1,30,811,811
Drone_14,0.7699999999999998,33,17,2,16,832,832
Drone_7,0.7349999999999998,27,73,2,18,833,833
Drone_12,0.8299999999999998,82,36,2,24,836,836
Drone_10,0.7349999999999998,27,64,2,22,838,838
Drone_4,0.8249999999999998,38,12,2,21,841,841
Drone_11,0.6549999999999997,82,38,2,25,843,843
Drone_15,0.6199999999999997,23,71,2,22,844,844
Drone_13,0.5249999999999996,88,36,1,28,847,847
Drone_9,0.46999999999999953,85,36,2,26,848,848
Drone_3,0.4149999999999995,34,61,2,19,850,853
Drone_6,0.7749999999999998,87,41,2,31,849,859
Drone_2,0.4399999999999995,25,77,2,20,863,863
Drone_1,0.5049999999999996,32,21,2,12,867,867
Drone_12,0.8299999999999998,82,36,2,24,870,870
Drone_4,0.8349999999999999,33,11,2,22,882,882
Drone_14,0.7799999999999998,43,19,2,17,885,885
Drone_7,0.7549999999999998,26,70,2,20,889,889
Drone_11,0.6899999999999997,82,42,1,28,892,892
Drone_10,0.6849999999999997,37,63,2,16,895,895
Drone_8,0.49499999999999955,28,18,2,15,896,896
Drone_6,0.7649999999999998,88,39,1,30,897,897
Drone_12,0.8299999999999998,80,36,2,22,900,900
Drone_13,0.5349999999999996,87,39,2,29,914,914
Drone_15,0.6099999999999997,25,70,2,21,918,918
Drone_4,0.7499999999999998,35,20,2,13,928,928
Drone_14,0.7299999999999998,25,23,2,12,931,931
Drone_9,0.47499999999999953,85,36,1,26,933,933
Drone_12,0.8299999999999998,81,36,2,23,934,934
Drone_1,0.5999999999999996,30,12,2,21,935,935
Drone_11,0.7299999999999998,88,42,1,32,936,936
Drone_6,0.7649999999999998,88,39,1,30,936,936
Drone_10,0.6749999999999997,30,77,2,15,947,947
Drone_7,0.7549999999999998,25,69,2,21,948,948
Drone_2,0.47499999999999953,21,71,2,24,952,952
Drone_8,0.5149999999999996,39,17,2,17,971,971
Drone_4,0.7499999999999998,30,20,2,13,972,972
Drone_14,0.7949999999999998,25,14,2,20,972,972
Drone_12,0.8299999999999998,82,36,2,24,973,973
Drone_11,0.7099999999999997,85,42,1,30,981,981
Drone_13,0.5449999999999996,85,42,1,30,983,983
Drone_15,0.6299999999999997,25,66,2,22,989,989
Drone_1,0.5999999999999996,40,14,2,20,995,995
Drone_6,0.6999999999999997,79,39,2,24,1003,1003
Drone_12,0.8199999999999998,83,33,2,22,1004,1004
Drone_9,0.4649999999999995,83,38,2,26,1006,1006
Drone_7,0.6849999999999997,31,68,2,16,1008,1008
Drone_10,0.6199999999999997,39,70,1,9,1013,1013
Drone_4,0.7999999999999998,24,17,2,18,1013,1014
Drone_2,0.49999999999999956,21,67,2,26,1030,1030
Drone_11,0.6849999999999997,82,42,2,28,1031,1031
Drone_8,0.5499999999999996,39,14,2,19,1036,1036
Drone_12,0.8299999999999998,82,34,2,22,1043,1043
Drone_6,0.7649999999999998,85,42,2,30,1046,1046
Drone_14,0.7699999999999998,34,17,2,16,1048,1048
Drone_15,0.6499999999999997,21,73,1,24,1057,1057
Drone_4,0.7799999999999998,27,18,2,16,1057,1057
Drone_10,0.6599999999999997,31,77,2,14,1060,1060
Drone_1,0.5949999999999996,22,16,2,20,1061,1061
Drone_7,0.7299999999999998,30,67,2,18,1063,1063
Drone_13,0.48999999999999955,84,37,2,26,1065,1065
Drone_12,0.8299999999999998,80,36,2,22,1078,1078
Drone_11,0.6899999999999997,88,36,2,28,1080,1080
Drone_6,0.7499999999999998,88,39,2,30,1090,1090
Drone_9,0.46999999999999953,86,38,2,28,1096,1096
Drone_8,0.5799999999999996,33,11,1,22,1098,1098
Drone_14,0.7049999999999997,36,23,2,10,1104,1104
Drone_4,0.7849999999999998,42,18,2,17,1105,1105
Drone_12,0.8199999999999998,83,33,2,22,1113,1113
Drone_10,0.7299999999999998,29,65,2,20,1124,1124
Drone_15,0.6299999999999997,24,70,1,22,1126,1126
Drone_7,0.7199999999999998,33,64,2,17,1127,1127
Drone_2,0.36499999999999944,30,70,2,16,1128,1128
Drone_1,0.5499999999999996,45,23,1,15,1131,1131
Drone_6,0.7399999999999998,82,42,2,28,1133,1133
Drone_13,0.5499999999999996,88,40,2,31,1136,1136
Drone_14,0.7749999999999998,21,20,2,17,1138,1138
Drone_4,0.8399999999999999,33,11,2,22,1139,1139
Drone_12,0.8299999999999998,82,35,2,23,1151,1151
Drone_11,0.5799999999999996,75,33,2,17,1155,1155
Drone_8,0.48999999999999955,29,18,2,15,1168,1168
Drone_9,0.5149999999999996,87,40,2,30,1170,1170
Drone_6,0.7699999999999998,88,42,2,32,1172,1172
Drone_10,0.7099999999999997,25,72,2,20,1177,1177
Drone_7,0.7299999999999998,26,77,2,19,1178,1178
Drone_14,0.7699999999999998,30,17,2,16,1180,1180
Drone_12,0.8299999999999998,80,36,2,22,1190,1190
Drone_1,0.5399999999999996,35,18,2,15,1194,1194
Drone_15,0.5649999999999996,30,70,2,16,1199,1199
Drone_13,0.5249999999999996,82,42,2,28,1206,1206
Drone_11,0.6999999999999997,84,41,2,29,1213,1213
Drone_2,0.4399999999999995,26,68,2,21,1216,1216
Drone_4,0.7749999999999998,27,16,2,18,1218,1218
Drone_12,0.8299999999999998,82,36,2,24,1224,1224
Drone_10,0.7649999999999998,22,69,2,24,1234,1234
Drone_14,0.7899999999999998,27,16,2,18,1239,1239
Drone_6,0.6099999999999997,72,33,2,15,1244,1244
Drone_7,0.6749999999999997,33,79,2,12,1244,1244
Drone_8,0.48499999999999954,23,23,2,14,1254,1254
Drone_12,0.8299999999999998,82,35,2,23,1254,1254
Drone_9,0.48999999999999955,84,41,2,29,1257,1257
Drone_11,0.6999999999999997,85,41,2,29,1263,1263
Drone_4,0.8099999999999998,33,14,2,19,1268,1268
Drone_13,0.5099999999999996,82,40,2,27,1286,1286
Drone_14,0.7449999999999998,38,17,2,16,1287,1287
Drone_7,0.8099999999999998,21,59,2,28,1291,1291
Drone_15,0.5249999999999996,31,78,2,14,1293,1293
Drone_12,0.8199999999999998,83,33,2,22,1294,1294
Drone_10,0.7149999999999997,29,66,2,19,1296,1296
Drone_6,0.7649999999999998,88,39,1,30,1303,1303
Drone_2,0.36499999999999944,33,67,2,15,1319,1319
Drone_14,0.8299999999999998,36,11,1,22,1321,1321
Drone_8,0.5399999999999996,29,15,2,18,1324,1324
Drone_9,0.47499999999999953,86,38,2,28,1333,1333
Drone_12,0.8199999999999998,83,33,2,22,1333,1333
Drone_11,0.5899999999999996,74,36,2,19,1336,1336
Drone_6,0.7649999999999998,85,42,2,30,1342,1342
Drone_7,0.7749999999999998,26,63,2,23,1350,1350
Drone_13,0.5199999999999996,82,42,2,28,1358,1358
Drone_14,0.7849999999999998,25,16,2,18,1360,1360
Drone_4,0.7199999999999998,30,21,2,12,1369,1369
Drone_10,0.6349999999999997,35,68,2,13,1371,1371
Drone_12,0.8299999999999998,82,36,2,24,1372,1372
Drone_15,0.5499999999999996,37,64,2,15,1376,1376
Drone_9,0.48999999999999955,84,40,2,28,1409,1409
Drone_12,0.8299999999999998,80,36,2,22,1411,1411
Drone_2,0.35999999999999943,35,70,2,12,1412,1412
Drone_6,0.6099999999999997,72,33,2,15,1412,1412
Drone_7,0.7399999999999998,33,62,2,19,1415,1415
Drone_8,0.5699999999999996,42,14,2,21,1416,1416
Drone_11,0.5799999999999996,75,35,2,18,1421,1421
Drone_10,0.6949999999999997,27,73,2,18,1422,1422
Drone_4,0.7499999999999998,34,20,2,13,1428,1428
Drone_13,0.5099999999999996,82,42,2,28,1430,1430
Drone_14,0.7349999999999998,28,21,2,13,1430,1430
Drone_12,0.8299999999999998,82,36,2,24,1445,1445
Drone_15,0.5599999999999996,29,72,2,16,1457,1457
Drone_4,0.8349999999999999,35,11,2,22,1459,1459
Drone_7,0.7949999999999998,21,70,2,25,1460,1460
Drone_6,0.7349999999999998,85,39,2,28,1473,1473
Drone_8,0.5499999999999996,40,14,2,20,1482,1482
Drone_10,0.6199999999999997,36,70,2,11,1484,1484
Drone_9,0.49999999999999956,84,42,2,29,1485,1485
Drone_14,0.7849999999999998,33,14,2,19,1493,1493
Drone_12,0.7799999999999998,55,33,2,17,1497,1497
Drone_2,0.4299999999999995,30,64,2,19,1498,1498
Drone_13,0.5199999999999996,85,39,2,28,1500,1500
Drone_11,0.5799999999999996,75,34,2,18,1501,1501
Drone_7,0.8299999999999998,21,61,2,28,1509,1509
Drone_6,0.7649999999999998,88,39,1,30,1511,1511
Drone_4,0.7449999999999998,30,20,2,13,1512,1512
Drone_15,0.6399999999999997,21,76,2,24,1521,1521
Drone_10,0.6549999999999997,33,72,2,13,1547,1547
Drone_14,0.7699999999999998,44,21,2,16,1547,1547
Drone_6,0.7649999999999998,85,42,2,30,1550,1550
Drone_8,0.5399999999999996,22,18,2,18,1555,1555
Drone_4,0.7349999999999998,23,23,2,14,1557,1557
Drone_9,0.47499999999999953,83,39,2,26,1563,1563
Drone_12,0.8299999999999998,82,35,2,23,1565,1565
Drone_13,0.5099999999999996,85,40,2,29,1568,1568
Drone_7,0.7099999999999997,29,71,2,17,1570,1570
Drone_2,0.3549999999999994,32,77,2,13,1588,1588
Drone_14,0.7549999999999998,38,17,2,16,1588,1588
Drone_15,0.6249999999999997,27,64,2,22,1591,1591
Drone_11,0.5799999999999996,75,34,2,18,1592,1592
Drone_4,0.8399999999999999,33,11,1,22,1592,1592
Drone_6,0.7349999999999998,85,39,2,28,1593,1593
Drone_10,0.6849999999999997,29,71,2,17,1604,1604
Drone_12,0.8299999999999998,81,36,2,23,1605,1605
Drone_7,0.7749999999999998,24,70,2,22,1618,1618
Drone_8,0.48499999999999954,39,21,2,13,1630,1630
Drone_14,0.7799999999999998,29,15,2,18,1631,1631
Drone_4,0.7449999999999998,31,19,2,14,1633,1633
Drone_6,0.7599999999999998,88,39,2,30,1633,1633
Drone_13,0.5249999999999996,87,38,2,29,1638,1638
Drone_9,0.48999999999999955,88,36,2,28,1642,1642
Drone_12,0.8299999999999998,81,36,2,23,1644,1644
Drone_10,0.7699999999999998,21,72,2,24,1653,1653
Drone_15,0.6199999999999997,30,62,2,21,1655,1655
Drone_11,0.7099999999999997,87,41,2,31,1655,1655
Drone_6,0.7349999999999998,85,39,2,28,1676,1676
Drone_2,0.4349999999999995,29,65,2,20,1679,1679
Drone_7,0.6499999999999997,35,76,2,10,1681,1681
Drone_4,0.8399999999999999,36,11,1,22,1681,1681
Drone_14,0.7599999999999998,25,19,2,16,1694,1694
Drone_12,0.8599999999999999,59,55,2,26,1700,1700
Drone_8,0.48999999999999955,36,20,2,13,1702,1702
Drone_11,0.6999999999999997,85,41,2,29,1705,1705
Drone_10,0.7299999999999998,23,73,2,22,1705,1705
Drone_13,0.48499999999999954,82,36,1,24,1713,1713
Drone_6,0.7649999999999998,85,42,2,30,1714,1714
Drone_4,0.7249999999999998,38,21,2,13,1726,1726
Drone_15,0.5449999999999996,34,68,2,14,1727,1727
Drone_9,0.46999999999999953,86,35,2,26,1729,1729
Drone_7,0.7399999999999998,30,61,2,21,1731,1731
Drone_14,0.8349999999999999,21,12,2,24,1741,1741
Drone_11,0.7049999999999997,85,42,2,30,1756,1756
Drone_12,0.8199999999999998,83,33,2,22,1756,1756
Drone_4,0.8399999999999999,36,11,2,22,1760,1760
Drone_10,0.7099999999999997,25,79,2,20,1765,1765
Drone_2,0.4199999999999995,27,76,2,18,1773,1773
Drone_8,0.5049999999999996,24,20,2,15,1775,1775
Drone_13,0.5249999999999996,88,36,1,28,1778,1778
Drone_7,0.7449999999999998,28,67,2,19,1779,1779
Drone_6,0.6099999999999997,72,33,2,15,1784,1784
Drone_14,0.7649999999999998,30,17,2,16,1794,1794
Drone_12,0.8299999999999998,82,36,2,24,1794,1794
Drone_15,0.6199999999999997,24,72,2,21,1805,1805
Drone_4,0.8449999999999999,25,11,2,23,1806,1806
Drone_9,0.46999999999999953,82,39,2,26,1807,1807
Drone_11,0.6749999999999997,84,41,2,29,1808,1808
Drone_10,0.7249999999999998,26,70,2,20,1814,1814
Drone_14,0.8249999999999998,29,11,2,22,1826,1826
Drone_7,0.7399999999999998,33,61,2,20,1831,1831
Drone_12,0.8299999999999998,82,36,2,24,1833,1833
Drone_8,0.5799999999999996,35,11,2,22,1838,1838
Drone_6,0.7249999999999998,82,39,1,26,1842,1842
Drone_13,0.5099999999999996,82,42,2,28,1848,1848
Drone_2,0.4649999999999995,25,64,2,23,1849,1849
Drone_15,0.6599999999999997,24,61,2,26,1862,1862
Drone_12,0.8299999999999998,81,36,2,23,1863,1863
Drone_4,0.7749999999999998,21,20,2,17,1865,1865
Drone_14,0.8249999999999998,36,11,2,22,1872,1872
Drone_10,0.7149999999999997,27,70,2,19,1874,1874
Drone_9,0.47999999999999954,84,40,2,28,1881,1881
Drone_6,0.7399999999999998,85,39,2,28,1882,1882
Drone_11,0.5799999999999996,75,34,2,18,1883,1883
Drone_7,0.7049999999999997,30,79,1,15,1897,1897
Drone_12,0.8299999999999998,82,36,2,24,1902,1902
Drone_4,0.7649999999999998,25,19,2,16,1907,1907
Drone_14,0.8349999999999999,40,11,2,23,1907,1907
Drone_13,0.5349999999999996,87,40,2,30,1916,1916
Drone_8,0.5699999999999996,43,11,2,23,1919,1919
Drone_10,0.7749999999999998,21,67,2,26,1924,1924
Drone_6,0.7649999999999998,85,42,1,30,1927,1927
Drone_7,0.7449999999999998,24,76,2,21,1936,1936
Drone_12,0.8299999999999998,80,36,2,22,1936,1936
Drone_15,0.5349999999999996,31,72,2,14,1937,1937
Drone_2,0.47499999999999953,21,77,2,24,1938,1938
Drone_14,0.7499999999999998,30,17,2,16,1954,1954
Drone_9,0.48999999999999955,85,39,2,28,1958,1958
Drone_6,0.7649999999999998,88,39,1,30,1966,1966
Drone_12,0.8299999999999998,82,36,2,24,1970,1970
Drone_11,0.5799999999999996,75,35,2,18,1973,1973
Drone_4,0.7199999999999998,30,23,2,10,1973,1973
Drone_10,0.7949999999999998,21,63,2,27,1980,1980
Drone_7,0.7649999999999998,23,72,2,22,1982,1982
Drone_13,0.5149999999999996,82,41,2,27,1989,1989
Drone_14,0.7899999999999998,24,17,2,18,1993,1993
Drone_8,0.5749999999999996,23,12,2,23,1999,1999
Drone_6,0.7349999999999998,82,41,2,27,2009,2009
Drone_12,0.8199999999999998,83,33,2,22,2010,2010
Drone_15,0.5399999999999996,33,71,2,13,2012,2012
Drone_4,0.8349999999999999,38,11,2,22,2012,2012
Drone_2,0.4199999999999995,27,73,1,18,2031,2031
Drone_9,0.49499999999999955,88,36,1,28,2036,2036
Drone_14,0.7999999999999998,32,14,2,19,2043,2043
Drone_7,0.6849999999999997,32,73,2,13,2048,2048
Drone_12,0.8299999999999998,82,36,2,24,2048,2048
Drone_10,0.6199999999999997,35,77,2,10,2051,2051
Drone_6,0.7649999999999998,85,42,2,30,2051,2051
Drone_11,0.6649999999999997,84,39,2,27,2053,2053
Drone_4,0.7599999999999998,32,19,2,14,2056,2056
Drone_13,0.5149999999999996,88,36,2,28,2060,2060
Drone_8,0.5599999999999996,23,14,2,21,2081,2081
Drone_14,0.8449999999999999,22,11,2,24,2082,2082
Drone_15,0.5599999999999996,33,65,2,16,2086,2086
Drone_12,0.8299999999999998,82,36,2,24,2087,2087
Drone_6,0.7249999999999998,83,39,2,26,2096,2096
Drone_7,0.7349999999999998,34,61,2,19,2103,2103
Drone_11,0.6999999999999997,84,42,2,29,2104,2104
Drone_4,0.8399999999999999,25,12,2,22,2106,2106
Drone_9,0.49499999999999955,85,39,2,28,2109,2109
Drone_10,0.7149999999999997,27,64,2,22,2118,2118
Drone_2,0.37999999999999945,33,68,2,15,2121,2121
Drone_12,0.8299999999999998,81,36,2,23,2121,2121
Drone_14,0.8349999999999999,24,11,2,23,2126,2126
Drone_6,0.7649999999999998,88,39,1,30,2143,2143
Drone_13,0.49499999999999955,83,37,2,25,2145,2145
Drone_11,0.6549999999999997,82,38,2,25,2159,2159
Drone_12,0.8299999999999998,80,36,2,22,2160,2160
Drone_4,0.7499999999999998,35,18,2,15,2163,2163
Drone_15,0.5149999999999996,39,67,2,11,2164,2164
Drone_7,0.6949999999999997,32,67,2,16,2168,2168
Drone_14,0.7899999999999998,34,14,2,19,2175,2175
Drone_10,0.7199999999999998,27,70,2,19,2176,2176
Drone_8,0.5049999999999996,44,22,2,15,2184,2184
Drone_6,0.7399999999999998,84,40,2,28,2185,2185
Drone_12,0.8299999999999998,82,34,2,22,2194,2194
Drone_4,0.8399999999999999,39,11,1,22,2196,2196
Drone_9,0.5049999999999996,85,42,2,30,2201,2201
Drone_11,0.7099999999999997,85,42,1,30,2205,2205
Drone_2,0.4249999999999995,30,65,2,19,2210,2210
Drone_13,0.5249999999999996,84,41,2,29,2215,2215
Drone_15,0.6099999999999997,28,65,2,20,2222,2222
Drone_10,0.7049999999999997,29,66,2,19,2225,2225
Drone_7,0.6799999999999997,33,68,2,15,2227,2227
Drone_14,0.7499999999999998,44,22,2,15,2228,2228
Drone_6,0.7649999999999998,85,42,2,30,2229,2229
Drone_12,0.8199999999999998,83,33,2,22,2229,2229
Drone_4,0.8349999999999999,31,11,2,22,2230,2230
Drone_8,0.5849999999999996,40,11,2,23,2243,2243
Drone_11,0.6949999999999997,86,39,2,29,2254,2254
Drone_14,0.7599999999999998,25,19,2,16,2267,2267
Drone_12,0.8299999999999998,82,35,2,23,2268,2268
Drone_7,0.8099999999999998,21,59,2,28,2269,2269
Drone_6,0.7549999999999998,86,41,2,30,2270,2270
Drone_9,0.47999999999999954,82,41,2,27,2276,2276
Drone_4,0.7799999999999998,30,16,2,17,2279,2279
Drone_13,0.5249999999999996,85,39,2,28,2288,2288
Drone_2,0.39999999999999947,33,66,2,16,2297,2297
Drone_10,0.6349999999999997,34,73,2,11,2301,2301
Drone_15,0.5799999999999996,29,68,2,18,2304,2304
Drone_11,0.6799999999999997,86,37,2,27,2307,2307
Drone_12,0.8299999999999998,82,36,2,24,2307,2307
Drone_8,0.5149999999999996,32,16,2,17,2321,2321
Drone_7,0.7749999999999998,28,63,2,22,2326,2326
Drone_14,0.7799999999999998,21,19,2,18,2332,2332
Drone_4,0.7749999999999998,33,17,2,16,2336,2336
Drone_6,0.6099999999999997,72,33,2,15,2344,2344
Drone_12,0.8299999999999998,82,35,2,23,2346,2346
Drone_9,0.47999999999999954,82,42,2,28,2351,2351
Drone_11,0.6999999999999997,87,38,2,29,2357,2357
Drone_10,0.7399999999999998,26,65,2,22,2366,2366
Drone_13,0.5099999999999996,82,40,2,27,2369,2369
Drone_14,0.8249999999999998,31,11,2,22,2370,2370
Drone_4,0.7499999999999998,28,21,2,13,2374,2374
Drone_15,0.5399999999999996,33,70,1,13,2381,2381
Drone_7,0.7099999999999997,28,68,2,19,2381,2381
Drone_12,0.8299999999999998,82,34,2,22,2385,2385
Drone_2,0.3299999999999994,36,76,1,9,2393,2393
Drone_8,0.5099999999999996,39,17,2,17,2400,2400
Drone_6,0.7199999999999998,82,39,2,26,2407,2407
Drone_4,0.8099999999999998,39,14,1,19,2414,2414
Drone_14,0.8249999999999998,39,11,2,22,2418,2418
Drone_12,0.8299999999999998,82,35,2,23,2419,2419
Drone_9,0.5149999999999996,85,42,2,30,2423,2423
Drone_10,0.6799999999999997,30,73,2,15,2428,2428
Drone_11,0.5799999999999996,75,33,2,17,2433,2433
Drone_13,0.5049999999999996,84,38,2,26,2444,2444
Drone_6,0.7649999999999998,85,42,1,30,2445,2445
Drone_15,0.5399999999999996,33,72,2,13,2446,2446
Drone_4,0.8349999999999999,28,11,2,22,2447,2447
Drone_7,0.6749999999999997,33,72,2,13,2449,2449
Drone_12,0.8299999999999998,82,36,2,24,2458,2458
Drone_8,0.5199999999999996,39,17,2,17,2476,2476
Drone_14,0.7349999999999998,39,21,2,13,2476,2476
Drone_10,0.7899999999999998,22,64,2,26,2476,2476
Drone_2,0.4249999999999995,32,63,2,19,2481,2481
Drone_6,0.7199999999999998,82,41,2,27,2490,2490
Drone_12,0.8299999999999998,82,36,2,24,2492,2492
Drone_4,0.8349999999999999,40,11,2,23,2493,2493
Drone_7,0.7199999999999998,27,76,2,18,2497,2497
Drone_9,0.48499999999999954,88,36,2,28,2498,2498
Drone_11,0.5799999999999996,75,33,2,17,2517,2517
Drone_13,0.5249999999999996,85,39,1,28,2519,2519
Drone_12,0.8299999999999998,82,36,2,24,2522,2522
Drone_15,0.5649999999999996,30,69,2,17,2525,2525
Drone_14,0.7799999999999998,45,20,1,17,2528,2528
Drone_6,0.7099999999999997,83,38,2,26,2538,2538
Drone_10,0.6799999999999997,29,70,2,17,2541,2541
Drone_4,0.7699999999999998,42,21,2,15,2541,2541
Drone_8,0.5499999999999996,36,13,2,20,2546,2546
Drone_7,0.6599999999999997,33,70,2,13,2560,2560
Drone_14,0.8249999999999998,33,11,2,22,2560,2560
Drone_12,0.8299999999999998,82,36,2,24,2561,2561
Drone_11,0.6849999999999997,87,38,2,29,2571,2571
Drone_9,0.47499999999999953,85,36,2,26,2573,2573
Drone_4,0.7899999999999998,25,18,2,17,2579,2579
Drone_2,0.37999999999999945,35,66,2,14,2584,2584
Drone_13,0.5099999999999996,85,40,2,29,2586,2586
Drone_6,0.7199999999999998,87,36,2,27,2588,2588
Drone_12,0.8299999999999998,82,36,2,24,2591,2591
Drone_14,0.8249999999999998,35,11,2,22,2593,2593
Drone_15,0.6199999999999997,23,71,2,22,2594,2594
Drone_10,0.6399999999999997,34,70,2,13,2613,2613
Drone_11,0.6749999999999997,86,37,2,27,2623,2623
Drone_12,0.8299999999999998,82,36,2,24,2626,2626
Drone_7,0.6799999999999997,32,75,2,13,2629,2629
Drone_14,0.8349999999999999,43,11,2,23,2631,2631
Drone_4,0.7949999999999998,27,16,2,18,2632,2632
Drone_6,0.7399999999999998,85,39,2,28,2634,2634
Drone_8,0.48999999999999955,35,20,2,13,2636,2636
Drone_13,0.5199999999999996,86,39,2,29,2657,2657
Drone_9,0.47999999999999954,84,41,2,29,2658,2658
Drone_12,0.8199999999999998,83,33,2,22,2662,2662
Drone_6,0.7649999999999998,88,39,1,30,2672,2672
Drone_15,0.5649999999999996,35,64,2,16,2675,2675
Drone_11,0.6749999999999997,85,39,2,28,2676,2676
Drone_4,0.7799999999999998,30,16,2,17,2676,2676
Drone_7,0.7949999999999998,22,69,2,24,2683,2683
Drone_2,0.3099999999999994,37,73,2,8,2684,2684
Drone_10,0.6149999999999997,34,79,2,11,2686,2686
Drone_14,0.7399999999999998,33,20,2,13,2696,2696
Drone_8,0.5699999999999996,42,14,2,21,2698,2698
Drone_12,0.8299999999999998,81,36,2,23,2700,2700
Drone_4,0.8699999999999999,21,11,1,25,2723,2723
Drone_11,0.6749999999999997,85,38,2,27,2726,2726
Drone_13,0.5099999999999996,82,42,2,28,2729,2729
Drone_7,0.8249999999999998,21,61,2,28,2730,2730
Drone_9,0.49499999999999955,88,36,1,28,2733,2733
Drone_12,0.8299999999999998,81,36,2,23,2739,2739
Drone_14,0.7699999999999998,38,16,2,17,2742,2742
Drone_10,0.7849999999999998,22,61,2,28,2742,2742
Drone_6,0.6099999999999997,72,33,2,15,2743,2743
Drone_15,0.6399999999999997,24,65,2,24,2746,2746
Drone_4,0.7899999999999998,27,17,2,17,2770,2770
Drone_8,0.5449999999999996,44,16,2,20,2773,2773
Drone_2,0.39499999999999946,33,66,2,16,2775,2775
Drone_11,0.6749999999999997,85,39,2,28,2776,2776
Drone_7,0.7499999999999998,25,67,2,22,2785,2785
Drone_14,0.8249999999999998,32,11,2,22,2785,2785
Drone_12,0.8699999999999999,58,51,2,29,2794,2794
Drone_13,0.5449999999999996,85,42,1,30,2797,2797
Drone_9,0.5149999999999996,88,39,1,30,2803,2803
Drone_6,0.7499999999999998,88,39,2,30,2803,2803
Drone_10,0.6599999999999997,32,73,2,13,2808,2808
Drone_15,0.5649999999999996,30,70,2,16,2814,2814
Drone_4,0.8049999999999998,30,14,2,19,2818,2818
Drone_11,0.7099999999999997,85,42,2,30,2826,2826
Drone_7,0.7299999999999998,25,73,2,20,2841,2841
Drone_8,0.5049999999999996,44,22,2,15,2845,2845
Drone_12,0.8299999999999998,82,36,2,24,2847,2847
Drone_14,0.7949999999999998,25,15,2,19,2857,2857
Drone_10,0.7249999999999998,25,69,2,21,2863,2863
Drone_2,0.35999999999999943,33,73,2,12,2864,2864
Drone_13,0.5199999999999996,85,40,2,29,2866,2866
Drone_4,0.8049999999999998,42,15,2,20,2869,2869
Drone_6,0.6099999999999997,72,33,2,15,2875,2875
Drone_11,0.6499999999999997,82,36,1,24,2882,2882
Drone_15,0.5949999999999996,34,61,2,19,2883,2883
Drone_12,0.8299999999999998,82,34,2,22,2886,2886
Drone_9,0.48999999999999955,84,40,2,28,2888,2888
Drone_14,0.8249999999999998,39,11,2,22,2897,2897
Drone_7,0.7299999999999998,27,73,2,18,2900,2900
Drone_4,0.8349999999999999,39,11,2,22,2906,2906
Drone_8,0.5399999999999996,30,15,2,18,2909,2909
Drone_12,0.8299999999999998,82,35,2,23,2920,2920
Drone_6,0.7549999999999998,88,38,2,29,2924,2924
Drone_11,0.6849999999999997,86,38,2,28,2928,2928
Drone_10,0.6699999999999997,31,75,2,14,2929,2929
Drone_13,0.5149999999999996,84,39,2,27,2938,2938
Drone_14,0.7849999999999998,32,15,2,18,2938,2938
Drone_2,0.49499999999999955,23,61,2,27,2945,2945
Drone_15,0.5849999999999996,25,77,2,20,2950,2950
Drone_7,0.7349999999999998,30,64,2,19,2951,2951
Drone_4,0.7499999999999998,40,21,2,13,2952,2952
Drone_12,0.8299999999999998,82,36,2,24,2959,2959
Drone_6,0.7699999999999998,88,42,2,32,2966,2966
Drone_9,0.46999999999999953,86,38,2,28,2980,2980
Drone_10,0.6999999999999997,30,64,2,19,2984,2984
Drone_14,0.8249999999999998,35,11,2,22,2986,2986
Drone_12,0.8199999999999998,79,37,2,22,2990,2990
Drone_11,0.5799999999999996,75,33,2,17,3008,3008
Drone_8,0.4549999999999995,30,23,2,10,3009,3009
Drone_7,0.6999999999999997,28,49,2,16,3017,3017
Drone_15,0.5549999999999996,37,64,2,15,3018,3018
Drone_13,0.47999999999999954,85,34,2,25,3023,3023
Drone_4,0.8099999999999998,27,14,2,19,3026,3026
Drone_12,0.8299999999999998,82,36,2,24,3028,3028
Drone_14,0.8299999999999998,35,11,2,22,3032,3032
Drone_10,0.7149999999999997,26,78,2,19,3033,3033
Drone_6,0.6099999999999997,72,33,2,15,3038,3038
Drone_2,0.37499999999999944,29,73,2,16,3042,3042
Drone_9,0.4649999999999995,85,36,2,26,3059,3059
Drone_11,0.6899999999999997,88,36,2,28,3072,3072
Drone_8,0.5199999999999996,33,15,2,18,3078,3078
Drone_14,0.8399999999999999,40,11,2,23,3080,3080
Drone_10,0.7049999999999997,28,70,2,18,3081,3081
Drone_12,0.7799999999999998,55,33,2,17,3084,3084
Drone_7,0.6649999999999997,34,72,2,12,3087,3087
Drone_13,0.5249999999999996,84,42,2,29,3095,3095
Drone_15,0.6149999999999997,24,75,2,21,3097,3097
Drone_4,0.7599999999999998,22,21,2,16,3100,3100
Drone_6,0.6099999999999997,72,33,2,15,3122,3122
Drone_7,0.7549999999999998,29,65,2,20,3130,3130
Drone_10,0.7699999999999998,21,78,2,24,3130,3130
Drone_9,0.47499999999999953,83,38,2,26,3132,3132
Drone_4,0.7649999999999998,30,17,2,16,3143,3143
Drone_14,0.7399999999999998,25,22,2,13,3144,3144
Drone_11,0.6599999999999997,84,36,2,25,3147,3147
Drone_12,0.8299999999999998,80,36,2,22,3152,3152
Drone_8,0.47499999999999953,41,23,2,12,3155,3155
Drone_13,0.5449999999999996,85,42,1,30,3164,3164
Drone_6,0.7649999999999998,88,39,2,30,3170,3170
Drone_15,0.5399999999999996,32,76,2,13,3174,3174
Drone_7,0.7649999999999998,24,76,1,21,3181,3181
Drone_10,0.6549999999999997,31,75,2,14,3184,3184
Drone_4,0.7549999999999998,30,18,2,15,3190,3190
Drone_14,0.7949999999999998,26,14,2,20,3192,3192
Drone_11,0.6899999999999997,83,41,2,28,3199,3199
Drone_9,0.5149999999999996,87,42,2,31,3206,3206
Drone_12,0.7799999999999998,55,33,2,17,3207,3207
Drone_6,0.7099999999999997,82,39,2,26,3217,3217
Drone_8,0.5299999999999996,21,20,2,17,3221,3221
Drone_13,0.5299999999999996,84,41,2,29,3231,3231
Drone_10,0.7799999999999998,21,68,2,25,3238,3238
Drone_7,0.6349999999999997,37,77,2,8,3244,3244
Drone_4,0.7999999999999998,34,15,2,18,3244,3244
Drone_14,0.7699999999999998,35,17,2,16,3246,3246
Drone_15,0.5499999999999996,35,67,2,14,3247,3247
Drone_11,0.6949999999999997,85,41,2,29,3252,3252
Drone_12,0.8299999999999998,82,36,2,24,3272,3272
Drone_7,0.8099999999999998,21,67,2,26,3279,3279
Drone_9,0.5049999999999996,85,41,2,29,3280,3280
Drone_6,0.6199999999999997,71,34,2,16,3285,3285
Drone_14,0.7349999999999998,40,20,2,14,3289,3289
Drone_4,0.8399999999999999,30,11,1,22,3290,3290
Drone_8,0.5649999999999996,28,11,2,22,3297,3297
Drone_10,0.7049999999999997,34,62,2,18,3299,3299
Drone_13,0.5249999999999996,84,40,2,28,3302,3302
Drone_11,0.6899999999999997,85,39,2,28,3302,3302
Drone_12,0.8299999999999998,80,36,2,22,3311,3311
Drone_15,0.5749999999999996,27,73,2,18,3326,3326
Drone_14,0.8249999999999998,32,11,2,22,3326,3326
Drone_7,0.7449999999999998,26,75,2,19,3335,3335
Drone_4,0.7549999999999998,24,20,2,15,3341,3341
Drone_6,0.7099999999999997,82,39,2,26,3347,3347
Drone_9,0.49999999999999956,85,42,2,30,3355,3355
Drone_11,0.6499999999999997,83,38,2,26,3355,3355
Drone_12,0.7799999999999998,55,33,2,17,3366,3366
Drone_10,0.6499999999999997,31,77,2,14,3373,3373
Drone_13,0.5199999999999996,82,42,2,28,3376,3376
Drone_8,0.49999999999999956,30,17,2,16,3379,3379
Drone_4,0.8399999999999999,31,11,2,22,3379,3379
Drone_14,0.7699999999999998,33,17,2,16,3381,3381
Drone_6,0.7749999999999998,87,41,2,31,3384,3384
Drone_7,0.7199999999999998,28,70,2,18,3389,3389
Drone_15,0.5099999999999996,33,73,2,12,3406,3406
Drone_11,0.6549999999999997,85,36,2,26,3412,3412
Drone_4,0.8499999999999999,42,11,1,23,3421,3421
Drone_14,0.7849999999999998,25,16,2,18,3423,3423
Drone_10,0.6649999999999997,30,78,2,15,3425,3425
Drone_9,0.48999999999999955,85,40,2,29,3428,3428
Drone_12,0.8299999999999998,82,36,2,24,3429,3429
Drone_6,0.7149999999999997,84,36,2,25,3432,3432
Drone_7,0.7999999999999998,24,62,2,25,3436,3436
Drone_13,0.5499999999999996,87,42,2,31,3443,3443
Drone_8,0.5649999999999996,42,14,2,21,3455,3455
Drone_11,0.6849999999999997,88,36,2,28,3461,3461
Drone_12,0.8299999999999998,82,36,2,24,3463,3463
Drone_4,0.7399999999999998,42,23,2,13,3467,3467
Drone_14,0.7799999999999998,27,17,2,17,3467,3467
Drone_10,0.7399999999999998,24,73,2,21,3468,3468
Drone_15,0.5899999999999996,26,73,2,19,3476,3476
Drone_6,0.7549999999999998,86,41,2,30,3477,3477
Drone_12,0.8299999999999998,80,36,2,22,3498,3498
Drone_7,0.6749999999999997,33,79,1,12,3503,3503
Drone_9,0.48999999999999955,85,39,2,28,3504,3504
Drone_4,0.7449999999999998,30,20,2,13,3506,3506
Drone_11,0.6699999999999997,85,36,2,26,3513,3513
Drone_10,0.7449999999999998,24,67,2,23,3523,3523
Drone_13,0.5099999999999996,82,42,2,28,3527,3527
Drone_8,0.5499999999999996,35,14,2,19,3528,3528
Drone_12,0.8199999999999998,79,37,2,22,3535,3535
Drone_14,0.7899999999999998,24,17,2,18,3537,3537
Drone_7,0.7599999999999998,27,65,2,21,3538,3538
Drone_6,0.6899999999999997,80,39,2,25,3546,3546
Drone_4,0.8199999999999998,21,17,2,20,3547,3547
Drone_15,0.5599999999999996,34,66,2,15,3556,3556
Drone_12,0.8299999999999998,82,36,2,24,3574,3574
Drone_9,0.49499999999999955,82,42,2,28,3576,3576
Drone_10,0.6799999999999997,36,64,2,15,3582,3582
Drone_4,0.8449999999999999,42,11,2,23,3584,3584
Drone_14,0.7149999999999997,30,21,2,12,3588,3588
Drone_7,0.7949999999999998,21,73,2,24,3588,3588
Drone_11,0.6649999999999997,82,41,2,27,3590,3590
Drone_6,0.7349999999999998,85,39,2,28,3591,3591
Drone_13,0.5199999999999996,86,38,2,28,3600,3600
Drone_12,0.8199999999999998,83,33,2,22,3605,3605
Drone_8,0.4599999999999995,31,21,2,12,3613,3613
Drone_15,0.6249999999999997,24,64,2,24,3624,3624
Drone_14,0.8099999999999998,26,14,2,20,3624,3624
Drone_10,0.7099999999999997,30,67,2,18,3631,3631
Drone_4,0.7449999999999998,33,20,2,13,3634,3634
Drone_6,0.7149999999999997,85,36,2,26,3635,3635
Drone_11,0.6749999999999997,82,40,2,27,3643,3643
Drone_12,0.8299999999999998,80,36,2,22,3643,3643
Drone_7,0.7249999999999998,34,64,2,17,3649,3649
Drone_9,0.47999999999999954,85,39,2,28,3652,3652
Drone_13,0.5549999999999996,88,42,2,32,3671,3671
Drone_6,0.7349999999999998,84,39,2,27,3677,3677
Drone_4,0.7999999999999998,42,15,2,20,3677,3677
Drone_12,0.8299999999999998,82,35,2,23,3677,3677
Drone_14,0.7399999999999998,29,19,2,14,3678,3678
Drone_8,0.5499999999999996,31,14,2,19,3687,3687
Drone_15,0.6249999999999997,23,70,2,23,3696,3696
Drone_11,0.6549999999999997,82,39,2,26,3697,3697
Drone_10,0.6549999999999997,36,67,2,13,3701,3701
Drone_7,0.7649999999999998,23,71,2,22,3710,3710
Drone_6,0.7649999999999998,85,42,2,30,3716,3716
Drone_12,0.8299999999999998,80,36,2,22,3716,3716
Drone_14,0.8149999999999998,33,11,2,22,3723,3723
Drone_9,0.47499999999999953,86,36,2,27,3725,3725
Drone_4,0.7149999999999997,37,23,2,10,3726,3726
Drone_13,0.5099999999999996,84,41,2,29,3741,3741
Drone_11,0.6899999999999997,82,42,1,28,3745,3745
Drone_12,0.8299999999999998,82,36,2,24,3751,3751
Drone_10,0.7049999999999997,32,63,2,19,3753,3753
Drone_6,0.7649999999999998,85,42,1,30,3756,3756
Drone_8,0.5449999999999996,33,14,2,19,3760,3760
Drone_4,0.8349999999999999,40,11,2,23,3762,3762
Drone_7,0.7799999999999998,21,79,2,24,3766,3766
Drone_14,0.7949999999999998,27,14,2,19,3770,3770
Drone_15,0.5799999999999996,36,62,2,17,3774,3774
Drone_12,0.8299999999999998,82,35,2,23,3790,3790
Drone_11,0.6799999999999997,85,39,2,28,3796,3796
Drone_9,0.48999999999999955,86,38,2,28,3799,3799
Drone_7,0.7349999999999998,27,71,2,18,3811,3811
Drone_4,0.7949999999999998,27,15,2,18,3812,3812
Drone_10,0.7199999999999998,28,68,2,19,3813,3813
Drone_13,0.5049999999999996,85,36,1,26,3814,3814
Drone_8,0.5799999999999996,27,11,2,22,3820,3820
Drone_14,0.7599999999999998,38,18,2,15,3820,3820
Drone_6,0.6099999999999997,72,33,2,15,3826,3826
Drone_12,0.8299999999999998,82,34,2,22,3829,3829
Drone_15,0.6499999999999997,24,64,1,24,3836,3836
Drone_11,0.6899999999999997,88,36,2,28,3843,3843
Drone_14,0.7699999999999998,31,17,2,16,3859,3859
Drone_7,0.7799999999999998,22,70,2,24,3859,3859
Drone_4,0.7649999999999998,39,19,2,15,3862,3862
Drone_12,0.8299999999999998,81,36,2,23,3863,3863
Drone_10,0.7999999999999998,21,64,2,27,3868,3868
Drone_9,0.5099999999999996,87,41,2,31,3871,3871
Drone_13,0.5449999999999996,88,39,1,30,3879,3879
Drone_6,0.7649999999999998,88,39,2,30,3884,3884
Drone_11,0.6799999999999997,86,36,2,27,3894,3894
Drone_8,0.5249999999999996,27,17,2,17,3899,3899
Drone_12,0.8299999999999998,82,36,2,24,3902,3902
Drone_14,0.8149999999999998,25,12,2,22,3903,3903
Drone_4,0.7699999999999998,31,16,2,17,3906,3906
Drone_15,0.5749999999999996,26,71,2,19,3907,3907
Drone_7,0.6999999999999997,30,70,2,16,3924,3924
Drone_10,0.7649999999999998,21,73,2,24,3925,3925
Drone_12,0.8199999999999998,79,37,2,22,3933,3933
Drone_9,0.49999999999999956,87,38,2,29,3945,3945
Drone_11,0.6649999999999997,82,41,2,27,3947,3947
Drone_13,0.5199999999999996,86,39,2,29,3948,3948
Drone_6,0.6099999999999997,72,33,2,15,3956,3956
Drone_14,0.7149999999999997,38,21,2,13,3961,3961
Drone_4,0.7949999999999998,36,15,2,18,3971,3971
Drone_12,0.8299999999999998,81,36,2,23,3971,3971
Drone_10,0.6799999999999997,28,75,2,17,3979,3979
Drone_8,0.46999999999999953,37,21,2,12,3981,3981
Drone_15,0.6149999999999997,25,69,2,21,3981,3981
Drone_7,0.6849999999999997,32,71,2,14,3982,3982
Drone_14,0.7649999999999998,39,17,2,17,4005,4005
Drone_6,0.7649999999999998,88,39,2,30,4010,4010
Drone_12,0.8299999999999998,82,34,2,22,4010,4010
Drone_11,0.5999999999999996,73,37,2,19,4019,4019
Drone_9,0.47999999999999954,84,40,2,28,4022,4022
Drone_7,0.7999999999999998,22,67,2,25,4023,4023
Drone_10,0.7399999999999998,23,71,2,22,4031,4031
Drone_4,0.7399999999999998,25,21,2,14,4032,4032
Drone_13,0.5049999999999996,82,39,1,26,4033,4033
Drone_12,0.8299999999999998,82,36,2,24,4046,4046
Drone_8,0.5149999999999996,36,17,2,16,4050,4050
Drone_6,0.7549999999999998,87,40,2,30,4051,4051
Drone_14,0.7399999999999998,34,20,2,13,4055,4055
Drone_15,0.5699999999999996,33,66,2,16,4057,4057
Drone_4,0.8349999999999999,23,12,2,23,4068,4068
Drone_11,0.6749999999999997,88,36,2,28,4081,4081
Drone_12,0.8199999999999998,79,37,2,22,4082,4082
Drone_7,0.6449999999999997,37,72,2,9,4090,4090
Drone_6,0.7349999999999998,85,39,2,28,4096,4096
Drone_14,0.7699999999999998,30,16,2,17,4096,4096
Drone_13,0.5249999999999996,87,38,2,29,4099,4099
Drone_10,0.6699999999999997,33,67,2,15,4099,4099
Drone_9,0.46999999999999953,86,35,2,26,4114,4114
Drone_12,0.8299999999999998,82,35,2,23,4120,4120
Drone_15,0.5549999999999996,30,73,2,15,4124,4124
Drone_4,0.7299999999999998,37,22,2,11,4124,4124
Drone_8,0.5449999999999996,29,14,2,19,4125,4125
Drone_11,0.6849999999999997,84,40,2,28,4133,4133
Drone_6,0.7699999999999998,88,42,2,32,4133,4133
Drone_7,0.7049999999999997,31,71,2,15,4144,4144
Drone_14,0.7899999999999998,34,13,2,20,4148,4148
Drone_10,0.7999999999999998,21,64,1,27,4157,4157
Drone_12,0.8199999999999998,79,37,2,22,4160,4160
Drone_13,0.5249999999999996,88,36,2,28,4169,4169
Drone_4,0.7349999999999998,35,20,2,13,4178,4178
Drone_11,0.7049999999999997,88,39,2,30,4184,4184
Drone_15,0.6449999999999997,21,76,2,24,4189,4189
Drone_9,0.49499999999999955,85,39,1,28,4190,4190
Drone_7,0.7649999999999998,24,72,2,21,4190,4190
Drone_12,0.8299999999999998,82,36,2,24,4198,4198
Drone_8,0.5249999999999996,40,17,2,17,4205,4205
Drone_6,0.6099999999999997,72,33,2,15,4205,4205
Drone_10,0.7899999999999998,21,67,2,26,4207,4207
Drone_14,0.7649999999999998,21,22,2,16,4210,4210
Drone_4,0.8349999999999999,37,11,2,22,4225,4225
Drone_12,0.8199999999999998,79,37,2,22,4229,4229
Drone_11,0.6699999999999997,85,36,1,26,4236,4236
Drone_7,0.7699999999999998,22,72,2,23,4241,4241
Drone_13,0.5149999999999996,85,39,2,28,4242,4242
Drone_14,0.8349999999999999,40,11,2,23,4244,4244
Drone_15,0.6499999999999997,23,65,2,25,4255,4255
Drone_9,0.48499999999999954,86,37,2,27,4262,4262
Drone_6,0.7449999999999998,85,41,2,29,4266,4266
Drone_12,0.8299999999999998,81,36,2,23,4267,4267
Drone_10,0.7099999999999997,26,72,2,19,4270,4270
Drone_8,0.5599999999999996,29,12,2,21,4273,4273
Drone_4,0.7999999999999998,24,17,1,18,4276,4276
Drone_11,0.6849999999999997,84,42,2,29,4284,4284
Drone_14,0.7949999999999998,39,14,2,19,4290,4290
Drone_13,0.5599999999999996,88,42,2,32,4304,4304
Drone_7,0.6749999999999997,31,73,2,14,4306,4306
Drone_12,0.8299999999999998,82,36,2,24,4306,4306
Drone_6,0.7199999999999998,84,38,2,26,4314,4314
Drone_4,0.7899999999999998,34,16,2,17,4317,4317
Drone_10,0.7299999999999998,32,61,2,20,4328,4328
Drone_15,0.5649999999999996,28,75,2,17,4332,4332
Drone_11,0.7099999999999997,88,39,2,30,4332,4332
Drone_14,0.7699999999999998,24,19,2,16,4334,4334
Drone_9,0.5049999999999996,88,38,2,29,4336,4336
Drone_12,0.8299999999999998,80,36,2,22,4336,4336
Drone_6,0.7749999999999998,87,41,2,31,4352,4352
Drone_8,0.5199999999999996,42,17,2,18,4354,4354
Drone_12,0.8299999999999998,82,36,2,24,4370,4370
Drone_4,0.7549999999999998,25,21,2,14,4375,4375
Drone_13,0.49999999999999956,83,40,2,27,4376,4376
Drone_7,0.6849999999999997,31,78,2,14,4376,4376
Drone_10,0.7449999999999998,22,73,2,23,4378,4378
Drone_14,0.7049999999999997,34,22,2,11,4383,4383
Drone_11,0.6749999999999997,85,39,2,28,4384,4384
Drone_6,0.7649999999999998,88,39,1,30,4393,4393
Drone_15,0.5749999999999996,28,76,2,17,4407,4407
Drone_12,0.8299999999999998,82,35,2,23,4409,4409
Drone_9,0.5049999999999996,88,38,2,29,4412,4412
Drone_4,0.7799999999999998,27,17,2,17,4423,4423
Drone_14,0.8099999999999998,45,17,1,20,4426,4426
Drone_8,0.49999999999999956,33,19,2,14,4433,4433
Drone_6,0.7249999999999998,82,39,2,26,4436,4436
Drone_11,0.6899999999999997,85,39,1,28,4437,4437
Drone_10,0.7249999999999998,27,68,2,20,4438,4438
Drone_7,0.7049999999999997,30,75,2,15,4444,4444
Drone_13,0.5299999999999996,84,41,2,29,4446,4446
Drone_12,0.8299999999999998,82,35,2,23,4448,4448
Drone_14,0.8099999999999998,34,13,2,20,4462,4462
Drone_6,0.7699999999999998,88,42,2,32,4473,4473
Drone_4,0.7849999999999998,34,14,2,19,4476,4476
Drone_15,0.5499999999999996,33,67,2,15,4480,4480
Drone_11,0.6899999999999997,87,39,2,29,4484,4484
Drone_9,0.48499999999999954,83,40,2,27,4491,4491
Drone_10,0.6349999999999997,33,73,2,12,4502,4502
Drone_7,0.7249999999999998,33,64,1,17,4502,4502
Drone_12,0.7799999999999998,55,33,2,17,4509,4509
Drone_8,0.5199999999999996,21,21,2,16,4512,4512
Drone_13,0.5649999999999996,88,42,1,32,4512,4512
Drone_6,0.7699999999999998,88,42,2,32,4512,4512
Drone_4,0.8249999999999998,22,14,2,21,4514,4514
Drone_14,0.7749999999999998,32,15,2,18,4518,4518
Drone_11,0.7099999999999997,88,39,2,30,4534,4534
Drone_15,0.5799999999999996,37,61,2,17,4546,4546
Drone_10,0.7349999999999998,25,67,2,22,4547,4547
Drone_7,0.7299999999999998,26,74,2,19,4548,4548
Drone_6,0.7649999999999998,85,42,1,30,4553,4553
Drone_4,0.7899999999999998,35,15,2,18,4560,4560
Drone_9,0.48499999999999954,87,36,2,27,4567,4567
Drone_12,0.8299999999999998,80,36,2,22,4572,4572
Drone_14,0.7299999999999998,33,20,2,13,4574,4574
Drone_13,0.5399999999999996,85,42,2,30,4578,4578
Drone_11,0.6699999999999997,85,36,1,26,4587,4587
Drone_8,0.5049999999999996,43,21,2,15,4588,4588
Drone_6,0.7449999999999998,85,39,2,28,4595,4595
Drone_4,0.7449999999999998,30,20,2,13,4604,4604
Drone_7,0.7499999999999998,29,64,2,20,4604,4604
Drone_12,0.8299999999999998,82,36,2,24,4606,4606
Drone_10,0.6999999999999997,32,65,2,17,4607,4607
Drone_15,0.5999999999999996,30,61,2,21,4619,4619
Drone_14,0.7599999999999998,42,20,2,15,4623,4623
Drone_11,0.7099999999999997,85,42,2,30,4631,4631
Drone_6,0.7449999999999998,86,38,2,28,4640,4640
Drone_9,0.49499999999999955,84,40,2,28,4641,4641
Drone_12,0.8299999999999998,82,35,2,23,4645,4645
Drone_4,0.8099999999999998,28,14,2,19,4647,4647
Drone_13,0.49999999999999956,83,39,2,26,4649,4649
Drone_7,0.7449999999999998,26,71,2,19,4652,4652
Drone_14,0.8299999999999998,31,11,2,22,4658,4658
Drone_8,0.5349999999999996,22,18,2,18,4673,4673
Drone_10,0.6099999999999997,36,73,2,9,4679,4679
Drone_4,0.8349999999999999,36,11,2,22,4681,4681
Drone_6,0.7649999999999998,85,42,1,30,4684,4684
Drone_15,0.5649999999999996,29,70,2,17,4686,4686
Drone_11,0.6449999999999997,83,37,2,25,4686,4686
Drone_12,0.7799999999999998,55,33,2,17,4706,4706
Drone_14,0.7599999999999998,45,23,2,15,4715,4715
Drone_7,0.6899999999999997,30,73,2,15,4720,4720
Drone_9,0.46999999999999953,82,41,2,27,4721,4721
Drone_13,0.5049999999999996,85,39,2,28,4723,4723
Drone_6,0.7649999999999998,85,42,1,30,4723,4723
Drone_4,0.8399999999999999,33,11,2,22,4731,4731
Drone_11,0.7199999999999998,87,41,2,31,4732,4732
Drone_10,0.6949999999999997,29,68,2,18,4740,4740
Drone_8,0.5349999999999996,29,15,2,18,4743,4743
Drone_14,0.7949999999999998,28,14,2,19,4750,4750
Drone_15,0.6399999999999997,21,78,2,24,4758,4758
Drone_7,0.7199999999999998,27,72,2,18,4772,4772
Drone_12,0.8299999999999998,82,36,2,24,4774,4774
Drone_4,0.8349999999999999,37,11,2,22,4778,4778
Drone_6,0.6199999999999997,71,34,2,16,4791,4791
Drone_13,0.5049999999999996,85,36,2,26,4793,4793
Drone_10,0.7849999999999998,21,64,2,27,4796,4796
Drone_9,0.4549999999999995,83,37,2,25,4801,4801
Drone_11,0.5999999999999996,73,37,2,19,4806,4806
Drone_15,0.6749999999999997,21,64,2,27,4811,4811
Drone_12,0.8299999999999998,81,36,2,23,4814,4814
Drone_14,0.7699999999999998,27,17,2,17,4816,4816
Drone_4,0.7949999999999998,34,15,2,18,4817,4817
Drone_8,0.5799999999999996,31,11,2,22,4827,4827
Drone_7,0.6949999999999997,33,67,2,15,4828,4828
Drone_6,0.7299999999999998,85,39,2,28,4851,4851
Drone_12,0.8299999999999998,82,36,2,24,4853,4853
Drone_4,0.8149999999999998,41,14,2,20,4858,4858
Drone_10,0.6799999999999997,34,65,2,16,4861,4861
Drone_13,0.5149999999999996,86,38,2,28,4862,4862
Drone_7,0.7599999999999998,28,61,2,23,4870,4870
Drone_15,0.6649999999999997,21,64,2,27,4876,4876
Drone_14,0.7099999999999997,31,22,2,11,4878,4878
Drone_9,0.46999999999999953,86,36,2,27,4881,4881
Drone_11,0.5999999999999996,73,37,2,19,4886,4886
Drone_6,0.7449999999999998,85,39,2,28,4892,4892
Drone_12,0.8299999999999998,82,34,2,22,4892,4892
Drone_4,0.8299999999999998,43,14,2,21,4895,4895
Drone_10,0.7449999999999998,27,64,2,22,4908,4908
Drone_8,0.5449999999999996,37,14,2,19,4910,4910
Drone_7,0.7999999999999998,22,67,2,25,4919,4919
Drone_14,0.7249999999999998,30,21,2,12,4927,4927
Drone_6,0.7649999999999998,88,39,1,30,4930,4930
Drone_13,0.5349999999999996,88,38,2,29,4936,4936
Drone_15,0.6449999999999997,23,65,2,25,4943,4943
Drone_11,0.6899999999999997,88,36,1,28,4946,4946
Drone_12,0.7799999999999998,55,33,2,17,4948,4948
Drone_4,0.7749999999999998,33,17,2,16,4949,4949
Drone_9,0.47499999999999953,82,39,1,26,4959,4959
Drone_10,0.6799999999999997,30,73,1,15,4964,4964
Drone_14,0.7999999999999998,40,13,2,21,4967,4967
Drone_6,0.7499999999999998,85,42,2,30,4971,4971
Drone_7,0.7149999999999997,36,63,2,16,4977,4977
Drone_8,0.47999999999999954,40,22,2,13,4986,4986
Drone_4,0.8349999999999999,37,11,2,22,4990,4990
Drone_11,0.6699999999999997,82,39,1,26,4998,4998
